"VALUE","Generation","Population","counts.day.0","counts.day.1","counts.day.2","counts.day.3","counts.day.4","counts.day.5"
"AAACCACATTGGGTTTTGATCTCAAG",0,"anc",13439,6040,4342,NA,1125,329
"AAACTACCCAAAGTTTATATCCTTGA",0,"anc",12698,5999,4199,NA,1143,364
"AAGAGACCATGGGTCATCTTCGTGGA",0,"anc",16799,6754,2349,NA,226,NA
"AAGGAACCTTAAGTATAAGTCGTAAT",1500,"m5",3581,4223,1835,0,472,207
"AAGGAACTTAATGTTTCTCTCTACTG",0,"anc",12833,5896,4008,NA,1170,308
"ACAGTACTGAAAGTGCTGCTCTGCCG",0,"anc",17980,8200,3242,NA,289,NA
"AGGTAACGACGTGTTTCAATCCGTCG",15000,"m5",5610,30808,22365,0,22283,14963
"ATATAACCCGCGGTTTATTTCCGTCG",5000,"m5",4237,8929,1906,0,299,NA
"CATCGACAATCTGTATATATCTTGCC",10000,"m5",5077,12541,19618,0,40690,33441
"CTATAACGAACTGTTAGTTTCGTAAA",1000,"m5",3558,2112,953,NA,153,NA
"CTCCTACTAACTGTCCTAATCGACAT",0,"anc",16960,8479,6667,NA,1625,519
"GAAATACGAACCGTGACCTTCGTTTT",0,"anc",16440,8805,6488,NA,1600,502
"GACTAACTAGTAGTTGCAATCATTTT",500,"m5",3987,1847,961,NA,NA,NA
"GACTAACTATCTGTAGATTTCCCCTC",0,"anc",13905,6583,4454,NA,1164,391
"GAGTTACGGAGAGTTTTAATCGCGTA",0,"anc",15732,7773,5287,NA,1359,359
"GCTTTACCTATTGTTCTGGTCAAGGT",0,"anc",16299,7434,5463,NA,1359,414
"GTAATACTTCCTGTCTCGTTCACTAG",0,"anc",15367,6850,5071,NA,1254,354
"GTGTGACGACGGGTTTAGTTCCATCT",0,"anc",17082,8706,6236,NA,1471,416
"GTTCAACCCTTAGTCTTAGTCTCCGT",0,"anc",14917,7852,5957,NA,1557,423
"TATAAACTTGGAGTATGGTTCTGTGA",50000,"m5",4507,45334,82275,0,184954,98567
"TCGCCACTTCTAGTTAAATTCCGGTC",40000,"m5",1427,9928,22992,0,27746,12094
"TCTTTACTTCCCGTATTTGTCTACAC",0,"anc",14290,6840,4612,NA,1170,316
"TGGTAACTGTTGGTTTCTGTCCTGTA",0,"anc",15905,7883,5338,NA,1231,358
"TTAACACTTGCGGTTTAAATCGTAAG",2000,"m5",3370,403,NA,0,NA,NA
"TTCCTACGGCTTGTTCTCGTCATTTG",0,"anc",17227,8506,6323,NA,1694,472
"TTCGCACTAGAGGTACTTATCCTATC",0,"anc",13856,7100,4941,NA,1269,352
"TTGATACATCTGGTATAACTCGTTAA",30000,"m5",5122,23668,62756,0,111123,52211
"TTTCAACGATTTGTCTAGGTCATATT",0,"anc",13012,5589,1881,NA,207,NA
"TTTTGACATTACGTCTGCTTCTTTAG",0,"anc",15562,7933,5308,NA,1379,368
